{"model_type": "XGBClassifier", "model_post_processing_params": {"n_classes_": 2}, "input_quantizers": [{"cml_dumped_class_name": "UniformQuantizer", "zero_point": -14, "scale": 1.0476190476190477, "offset": 0, "n_bits": 6}, {"cml_dumped_class_name": "UniformQuantizer", "zero_point": 0, "scale": 0.015873015873015872, "offset": 0, "n_bits": 6}, {"cml_dumped_class_name": "UniformQuantizer", "zero_point": 0, "scale": 0.015873015873015872, "offset": 0, "n_bits": 6}, {"cml_dumped_class_name": "UniformQuantizer", "zero_point": 0, "scale": 0.015873015873015872, "offset": 0, "n_bits": 6}, {"cml_dumped_class_name": "UniformQuantizer", "zero_point": 0, "scale": 0.031746031746031744, "offset": 0, "n_bits": 6}, {"cml_dumped_class_name": "UniformQuantizer", "zero_point": 0, "scale": 0.09523809523809523, "offset": 0, "n_bits": 6}, {"cml_dumped_class_name": "UniformQuantizer", "zero_point": 0, "scale": 0.031746031746031744, "offset": 0, "n_bits": 6}, {"cml_dumped_class_name": "UniformQuantizer", "zero_point": 0, "scale": 0.015873015873015872, "offset": 0, "n_bits": 6}, {"cml_dumped_class_name": "UniformQuantizer", "zero_point": 0, "scale": 0.06349206349206349, "offset": 0, "n_bits": 6}, {"cml_dumped_class_name": "UniformQuantizer", "zero_point": 0, "scale": 0.047619047619047616, "offset": 0, "n_bits": 6}], "output_quantizers": [{"cml_dumped_class_name": "UniformQuantizer", "zero_point": 0, "scale": 0.0061695753566680415, "offset": 32, "n_bits": 6}], "cml_version": "1.0.2", "is_fitted": true}